priority,brand,country,category,why_now_signal,pitch_angle,source,contact_route,status
A,Leisure Hydration,USA,Hydration / beverage,"Closed oversubscribed Series A (Apr 2026); entering Target, Whole Foods, HEB; says 4th year of 100%+ growth","3D hero spot of the stick/can + retail-launch cutdowns for Target/Whole Foods listings",https://bevnet.com/pr/2026/04/22/leisure-hydration-closes-oversubscribed-series-a-expands-with-target-whole-foods-heb,"Brand site contact/press page; founder or marketing lead on LinkedIn; Instagram DM",
A,Neutonic,UK / USA,Functional drinks + supplements,"Raised $6M at $60M valuation (Apr 2026); expanding in UK/US and new markets","Launch commercial for new markets + 3D renders for retail decks",https://bevnet.com/pr/2026/04/28/neutonic-raises-6m-at-a-60m-valuation-to-accelerate-global-expansion-across-retail-and-new-markets,"Site contact/press; founder on LinkedIn",
A,Wet Hydration,USA,Hydration,"Raised $10M (total $18M) with Paul George as investor; launched at The Vitamin Shoppe (Jan-Feb 2026)","3D product film + athlete-style social cutdowns (similar to your Prime work)",https://www.nombase.com/newswire/2026/01/16/wet-hydration-launches-at-the-vitamin-shoppe-expanding-access-to-premium-functional-hydration,"Site contact/press; marketing lead on LinkedIn",
A,Joystick Hydration,USA,Hydration for gamers/creators,"Launched Jun 2026 as a next-gen hydration brand for gamers and creators","Launch film + vertical creator-style cutdowns; brand is new so visual assets are thin",https://www.bevnet.com/pr/2026/06/05/joystick-hydration-launches-as-a-nextgen-hydration-brand-built-for-gamers-creators-and-culturedrivers/report,"Instagram/TikTok DM; site contact",
A,Momentous,USA,Supplements,"Nationwide rollout into The Vitamin Shoppe (Jan 2026); new products in 2025","Retail-launch product film + 3D renders of new SKUs",https://secure.businesswire.com/news/home/20260106704316/en/Momentous-Announces-Retail-Partnership-with-Exclusive-Nationwide-Rollout-into-The-Vitamin-Shoppe,"Press contact in release; marketing lead on LinkedIn",
A,Cove Soda,USA,Soda / beverage,"Closed $15M round led by Vanterra Ventures for US expansion (check date on source)","3D commercial for can + social cutdowns for expansion markets",https://www.bevnet.com/author/mcaballero/page/5,"Site contact; founder on LinkedIn",
A,Primabolics,USA / AU,Sports nutrition,"Pushing to grow its initial presence in the US (press release)","Product film to support US launch",https://www.streetinsider.com/PRNewswire/Primabolics+Pushes+to+Grow+Initial+Presence+in+the+US/25810122.html,"Press contact in release",
A,BOLD,Denmark / Sweden,Coffee energy RTD,"In 4,000+ Danish convenience stores; new retail partnership into Sweden","Commercial for Swedish/Nordic launch",https://www.worldcoffeeportal.com/news/new-retail-partnerships-bring-danish-rtd-brand-bold-to-sweden/,"Site contact; founder on LinkedIn",
A,Colourette / Fresh Formula (Niv Della),Philippines,Beauty / skincare,"Raised $2M from DSG Consumer Partners and Foxmont","Product renders + launch film for new SKUs",https://theindependentinvestor.ph/ph-cosmetic-brand-colourette-raises-2m-from-dsg-consumer-partners-foxmont/,"Instagram DM; site contact",
B,Cure Hydration,USA,Hydration,"Plant-based hydration brand; reported retail expansion (verify recency)","3D can/packet commercial",https://www.foodbusinessnews.net/articles/28091-functional-beverage-startup-raises-45-million,"Site contact",
B,Mejuri,Canada,Fine jewelry,"On Ecomcrew top Canadian DTC list; 2.1M monthly traffic","3D jewelry macro film + renders",https://www.ecomcrew.com/top-dtc-canadian-brands/,"Brand/marketing role on LinkedIn",
B,Inkbox,Canada,Personal care / tattoos,"On Ecomcrew top Canadian DTC list; 1.3M monthly traffic","3D product ad for new line",https://www.ecomcrew.com/top-dtc-canadian-brands/,"Site contact",
B,Pela Case,Canada,Eco phone cases,"On Ecomcrew top Canadian DTC list","3D product film: compostable material story",https://www.ecomcrew.com/top-dtc-canadian-brands/,"Site contact",
B,Linen Chest,Canada,Home goods,"On Ecomcrew top Canadian DTC list; 1.2M monthly traffic","Texture-led product film + renders",https://www.ecomcrew.com/top-dtc-canadian-brands/,"Site contact",
B,Indochino,Canada,Menswear,"On Ecomcrew top Canadian DTC list","Fashion/product film for seasonal campaigns",https://www.ecomcrew.com/top-dtc-canadian-brands/,"Site contact",
B,Knix,Canada,Apparel,"On Ecomcrew top Canadian DTC list","Fabric-detail product film (like your Greatness Tee piece)",https://www.ecomcrew.com/top-dtc-canadian-brands/,"Site contact",
B,Vessi,Canada,Footwear,"On Ecomcrew top Canadian DTC list","3D waterproof-shoe commercial",https://www.ecomcrew.com/top-dtc-canadian-brands/,"Site contact",
B,MCoBeauty,Australia,Beauty,"In AU Shopify top 10 by traffic","Product renders + commercial for hero SKUs",https://eightx.co/blog/au-shopify-landscape-2026,"Site contact",
B,Go-To Skincare,Australia,Skincare,"Named as leading AU skincare brand","3D product film",https://eightx.co/blog/australian-online-retail-category-share-2026,"Site contact",
B,Bulk Nutrients,Australia,Sports nutrition,"Named competitor in AU sports nutrition market","Product film + cutdowns",https://www.vyansaintelligence.com/industry-report/australia-sports-nutrition-market-report,"Site contact",
B,Muscle Nation,Australia,Sports nutrition,"Named competitor in AU sports nutrition market","Product film + cutdowns",https://www.vyansaintelligence.com/industry-report/australia-sports-nutrition-market-report,"Site contact",
B,Musashi,Australia,Sports nutrition,"Named competitor in AU sports nutrition market","Product film + cutdowns",https://www.vyansaintelligence.com/industry-report/australia-sports-nutrition-market-report,"Site contact",
B,Heist,UK,Hosiery / apparel,"Named in IAB UK Born Online list of 50 leading DTC brands","Fabric-detail product film",https://www.iabuk.com/news-article/new-iab-uk-report-identifies-50-uks-leading-direct-consumer-brands,"Site contact",
B,Eve,UK,Mattresses / home,"Named in IAB UK list","3D product explainer film",https://www.iabuk.com/news-article/new-iab-uk-report-identifies-50-uks-leading-direct-consumer-brands,"Site contact",
B,Callaly,UK,Femcare,"Named in IAB UK list","Product renders + social cutdowns",https://www.iabuk.com/news-article/new-iab-uk-report-identifies-50-uks-leading-direct-consumer-brands,"Site contact",
B,Bloom & Wild,UK,Flowers / gifting,"Named in IAB UK list","Seasonal campaign film",https://www.iabuk.com/news-article/new-iab-uk-report-identifies-50-uks-leading-direct-consumer-brands,"Site contact",
B,Huda Beauty,UAE,Beauty,"Dubai-founded; D2C on Shopify Plus","3D product film for launches",https://www.customfit.ai/blog/50-d2c-brands-in-uae,"Marketing role on LinkedIn",
B,Kayali Fragrances,UAE,Fragrance,"Sister brand to Huda Beauty","3D bottle commercial",https://www.customfit.ai/blog/50-d2c-brands-in-uae,"Marketing role on LinkedIn",
B,Rasasi Perfumes,UAE,Fragrance,"UAE fragrance house with a D2C Shopify store","3D bottle commercial",https://www.customfit.ai/blog/50-d2c-brands-in-uae,"Site contact",
B,Ajmal Perfumes,UAE,Fragrance,"Flagship outlet at Dubai Mall","3D bottle commercial",https://www.customfit.ai/blog/50-d2c-brands-in-uae,"Site contact",
B,Amongst Few,UAE,Streetwear,"Dubai-born streetwear label","Neon/atmospheric apparel film (like your EZODRIP work)",https://www.customfit.ai/blog/50-d2c-brands-in-uae,"Instagram DM",
B,Motion Cycling,UAE,Athletic wear,"Female-founded sports brand","Activewear film (like your Sidemen Activewear work)",https://www.customfit.ai/blog/50-d2c-brands-in-uae,"Instagram DM",
B,Fix (Dubai chocolate),UAE,Food,"Known for 'Dubai chocolate'","3D food/packaging film",https://www.customfit.ai/blog/50-d2c-brands-in-uae,"Instagram DM",
B,The Espresso Lab,UAE,Coffee,"Specialty coffee brand founded 2012","Product film like your Super Human Coffee piece",https://www.customfit.ai/blog/50-d2c-brands-in-uae,"Instagram DM",
B,Foodspring,Germany,Sports nutrition,"D2C sports nutrition/functional food (founded 2013)","3D product film + cutdowns",https://echai.ventures/berlin/consumer,"Site contact",
B,KoRo,Germany,Natural food,"D2C natural-food brand (founded 2014)","Product film + packaging renders",https://echai.ventures/berlin/consumer,"Site contact",
B,Love Bonito,Singapore,Womenswear,"Fast-growing SEA D2C fashion label","Fashion product film",https://echai.ventures/singapore/consumer-brands,"Marketing role on LinkedIn",
B,Secretlab,Singapore,Gaming chairs,"Premium D2C gaming-chair brand","3D product commercial",https://echai.ventures/singapore/consumer-brands,"Marketing role on LinkedIn",
B,Tony's Chocolonely,Netherlands,Chocolate,"Named Dutch D2C brand","Packaging/product film",https://1800dtc.com/locations/netherlands,"Site contact",
B,Possen,Netherlands,Menswear,"Named Dutch D2C brand","Fabric product film",https://1800dtc.com/locations/netherlands,"Site contact",
B,HolaPepa,Spain,Consumer goods,"Named Madrid consumer startup","Product film",https://seedtable.com/best-consumer-goods-startups-in-spain,"Site contact",
B,Singularu,Spain,Personalised jewelry,"Named Valencia consumer startup","3D jewelry film",https://seedtable.com/best-consumer-goods-startups-in-spain,"Site contact",
B,Flamingueo,Spain,Consumer goods,"Named Valencia consumer startup","Product film",https://seedtable.com/best-consumer-goods-startups-in-spain,"Site contact",
